id,categoryId,date,qty,rate,amount,paymentTypeId,description,createdBy,modifiedBy,createdAt,modifiedAt,isNotDeleted,expenseReportId,receiptId,vendorName,orgId,tax
1,12,2021-01-04,1.0000,5000.0000,5000.0000,1,"Travel Expenses","X Richard Cabot",NULL,"2021-01-15 10:07:28","2021-01-15 10:07:28",1,1,NULL,NULL,1,0.0000
2,12,2021-01-01,1.0000,78.0000,78.0000,1,"Accomodation Expenses","X Richard Cabot",NULL,"2021-01-15 10:33:22","2021-01-15 10:33:22",1,2,NULL,NULL,1,0.0000
3,15,2021-01-07,1.0000,600.0000,600.0000,1,Food,"X Richard Cabot","X Richard Cabot","2021-01-15 12:17:34","2021-01-15 12:18:39",0,3,NULL,NULL,1,0.0000
4,12,2021-01-13,1.0000,600.0000,600.0000,1,Food,"X Richard Cabot","X Richard Cabot","2021-01-15 12:19:24","2021-01-15 12:22:25",0,4,NULL,NULL,1,0.0000
5,12,2021-01-01,1.0000,500.0000,500.0000,4,"Travel Expenses","X Richard Cabot","X Richard Cabot","2021-01-15 12:24:17","2021-01-15 12:31:13",0,5,NULL,NULL,1,0.0000
6,12,2021-01-01,1.0000,5000.0000,5000.0000,1,"Travel Expenses","X Richard Cabot","X Richard Cabot","2021-01-15 12:26:13","2021-01-15 12:31:07",0,6,NULL,NULL,1,0.0000
7,12,2021-01-01,1.0000,500.0000,500.0000,1,"Travel Expenses","X Richard Cabot","X Richard Cabot","2021-01-15 12:31:57","2021-01-15 12:31:57",1,7,NULL,NULL,1,0.0000
8,12,2021-01-01,1.0000,500.0000,500.0000,1,"Travel Expenses","X Richard Cabot","X Richard Cabot","2021-01-15 12:32:45","2021-01-15 12:32:45",1,8,NULL,NULL,1,0.0000
9,12,2021-01-01,1.0000,7000.0000,7000.0000,1,Food,"X Richard Cabot","X Richard Cabot","2021-01-15 12:34:45","2021-01-15 12:34:45",1,9,NULL,NULL,1,0.0000
10,12,2021-01-01,1.0000,500.0000,500.0000,1,"Travel Expenses","X Richard Cabot","X Richard Cabot","2021-01-15 12:35:28","2021-01-15 12:35:28",1,10,NULL,NULL,1,0.0000
11,13,2021-01-20,1.0000,500.0000,500.0000,1,"Accomodation Expenses One","X Richard Cabot",NULL,"2021-01-28 07:29:25","2021-01-28 07:29:25",1,11,NULL,NULL,1,0.0000
12,12,2021-01-06,1.0000,5000.0000,5000.0000,1,"Accomodation Expenses Two","X Richard Cabot","X Richard Cabot","2021-01-28 07:31:02","2021-01-28 07:32:05",1,12,NULL,NULL,1,0.0000
13,12,2021-02-16,1.0000,500.0000,500.0000,4,"Travel Expenses","Gayathri Aravind","Gayathri Aravind","2021-02-02 06:29:30","2021-02-08 10:59:08",0,13,NULL,NULL,1,0.0000
14,14,2021-02-03,1.0000,540.0000,540.0000,3,"Service Charges","X Pooja Jashwitha","X Pooja Jashwitha","2021-02-03 10:39:46","2021-02-23 05:34:30",0,14,43,NULL,1,0.0000
15,12,2021-02-04,1.0000,4500.0000,4500.0000,1,"Transport service charge","X Pooja Jashwitha","SX achin Tendulkar","2021-02-04 09:23:33","2021-02-18 13:51:52",1,15,13,NULL,1,0.0000
16,15,2021-02-05,1.0000,4508.0000,4508.0000,1,"Service Charges","SX achin Tendulkar","SX achin Tendulkar","2021-02-05 10:52:07","2021-03-02 13:24:50",0,16,15,NULL,1,0.0000
17,13,2021-02-12,1.0000,780.0000,780.0000,1,"Service Charges","Subash Chandrabose","X Viswanathan Anand","2021-02-05 11:20:28","2021-03-02 11:42:51",1,17,16,NULL,1,0.0000
18,12,2021-02-16,1.0000,7800.0000,7800.0000,7,"Repair Work","Subash Chandrabose","X Viswanathan Anand","2021-02-05 11:21:08","2021-03-02 11:43:02",1,18,24,NULL,1,0.0000
19,15,2021-02-16,1.0000,742.0000,742.0000,4,"Service Charges","X Viswanathan Anand","X Viswanathan Anand","2021-02-05 12:29:33","2021-03-01 10:23:26",1,19,25,NULL,1,0.0000
20,13,2021-02-24,1.0000,741.0000,741.0000,1,"Transport service charge","X Viswanathan Anand","X Viswanathan Anand","2021-02-05 12:30:31","2021-02-05 12:30:36",0,20,26,NULL,1,0.0000
21,15,2021-02-02,1.0000,500.0000,500.0000,1,Test1,"X Divya Bharathi",NULL,"2021-02-08 06:58:33","2021-02-08 06:58:33",1,21,28,NULL,1,0.0000
22,13,2021-02-03,1.0000,200.0000,200.0000,1,Test2,"X Divya Bharathi",NULL,"2021-02-08 06:58:34","2021-02-08 06:58:34",1,22,29,NULL,1,0.0000
23,15,2021-02-03,1.0000,500.0000,500.0000,1,Test1,"Joslyn Rani",NULL,"2021-02-12 11:12:11","2021-02-12 11:12:11",1,23,NULL,NULL,1,0.0000
24,13,2021-02-02,1.0000,200.0000,200.0000,4,"Test Two","Joslyn Rani",NULL,"2021-02-12 11:12:12","2021-02-12 11:12:12",1,24,33,NULL,1,0.0000
25,12,2021-02-02,1.0000,100.0000,100.0000,1,"Client Meet","X Dinesh Babu","Gayathri Aravind","2021-02-16 08:46:08","2021-02-16 09:15:06",1,25,NULL,NULL,1,0.0000
26,12,2021-02-03,1.0000,110.0000,110.0000,1,"Client Meet 2","X Dinesh Babu","Gayathri Aravind","2021-02-16 08:49:31","2021-02-16 09:21:44",1,26,NULL,NULL,1,0.0000
27,12,2021-02-04,1.0000,30.0000,30.0000,1,"Air Travel","X Dinesh Babu","X Dinesh Babu","2021-02-16 09:06:48","2021-02-16 09:07:35",1,27,NULL,NULL,1,0.0000
28,12,2021-02-05,1.0000,50.0000,50.0000,1,"Air Travel 2","X Dinesh Babu","X Dinesh Babu","2021-02-16 09:09:29","2021-02-16 09:10:07",1,28,NULL,NULL,1,0.0000
29,12,2021-02-08,1.0000,230.0000,230.0000,1,"Air Travel 3","X Dinesh Babu","X Dinesh Babu","2021-02-16 09:11:56","2021-02-16 09:12:29",1,29,NULL,NULL,1,0.0000
30,14,2021-01-05,1.0000,100.0000,100.0000,1,R1,"X Dinesh Babu","X Dinesh Babu","2021-02-16 09:31:33","2021-02-16 13:28:45",0,30,34,NULL,1,0.0000
31,14,2021-01-05,1.0000,200.0000,200.0000,4,R2,"X Dinesh Babu",NULL,"2021-02-16 09:31:33","2021-02-16 09:31:33",1,31,NULL,NULL,1,0.0000
32,14,2021-01-05,1.0000,300.0000,300.0000,7,R3,"X Dinesh Babu","X Dinesh Babu","2021-02-16 09:31:33","2021-02-16 13:28:51",0,32,35,NULL,1,0.0000
33,14,2021-01-05,1.0000,400.0000,400.0000,3,R4,"X Dinesh Babu","X Dinesh Babu","2021-02-16 09:31:34","2021-02-16 09:32:55",1,33,NULL,NULL,1,0.0000
34,14,2021-01-05,1.0000,500.0000,500.0000,2,R5,"X Dinesh Babu","X Dinesh Babu","2021-02-16 09:31:34","2021-02-16 13:28:38",0,34,NULL,NULL,1,0.0000
35,13,2021-02-03,1.0000,110.0000,110.0000,1,"Air Travel","Gayathri Aravind",NULL,"2021-02-18 13:06:14","2021-02-18 13:06:14",1,35,NULL,NULL,1,0.0000
36,13,2021-02-03,1.0000,500.0000,500.0000,3,"Air Travel 5","Gayathri Aravind",NULL,"2021-02-18 13:06:26","2021-02-18 13:06:26",1,36,NULL,NULL,1,0.0000
37,13,2021-02-02,1.0000,500.0000,500.0000,1,"Travel Expenses","Gayathri Aravind","Gayathri Aravind","2021-02-18 13:07:00","2021-02-25 11:11:45",1,37,32,NULL,1,0.0000
38,15,2021-02-02,1.0000,200.0000,200.0000,1,Test2,"Gayathri Aravind",NULL,"2021-02-18 13:08:49","2021-02-18 13:08:49",1,38,39,NULL,1,0.0000
39,13,2021-02-18,1.0000,712.0000,712.0000,1,Service,"X Pooja Jashwitha","SX achin Tendulkar","2021-02-18 13:41:02","2021-02-18 13:51:35",1,39,NULL,NULL,1,0.0000
40,13,2021-02-03,1.0000,50.0000,50.0000,4,"Label Check","X Dinesh Babu","X Dinesh Babu","2021-02-19 04:02:16","2021-02-19 04:03:27",1,40,NULL,NULL,1,0.0000
41,13,2021-02-16,1.0000,475.0000,475.0000,4,"Service Charges","Abdul kalam","Abdul kalam","2021-02-22 12:44:10","2021-03-02 07:49:33",1,41,41,NULL,1,0.0000
42,12,2021-02-09,1.0000,500.0000,500.0000,4,"Air Travel 6","Gayathri Aravind","Gayathri Aravind","2021-02-26 05:46:55","2021-02-26 05:53:34",1,42,53,NULL,1,0.0000
43,15,2021-03-03,1.0000,500.0000,500.0000,7,Test1,"Gayathri Aravind",NULL,"2021-03-01 07:32:04","2021-03-01 07:32:04",1,43,NULL,NULL,1,0.0000
44,15,2021-03-02,1.0000,2000.0000,2000.0000,1,"Test Two","Gayathri Aravind",NULL,"2021-03-01 07:32:04","2021-03-01 07:32:04",1,44,NULL,NULL,1,0.0000
45,16,2021-03-01,1.0000,4520.0000,4520.0000,1,Service,"Joslyn Rani",NULL,"2021-03-01 08:39:05","2021-03-01 08:39:05",1,45,NULL,NULL,1,0.0000
46,13,2021-03-08,1.0000,452.0000,452.0000,1,"Service Charges","X Pooja Jashwitha","X Pooja Jashwitha","2021-03-01 10:08:50","2021-04-09 05:25:28",1,46,94,NULL,1,0.0000
47,15,2021-03-01,1.0000,712.0000,712.0000,1,"Transport service charge","Abdul kalam","Abdul kalam","2021-03-01 10:11:00","2021-03-01 10:13:14",1,47,NULL,NULL,1,0.0000
48,16,2021-03-01,1.0000,742.0000,742.0000,1,"Service Charges","X Mary Robinson","X Mary Robinson","2021-03-01 10:15:28","2021-03-01 10:15:39",1,48,NULL,NULL,1,0.0000
49,16,2021-03-01,1.0000,500.0000,500.0000,1,Service,"X Viswanathan Anand","X Viswanathan Anand","2021-03-01 10:24:18","2021-03-01 10:24:30",1,49,NULL,NULL,1,0.0000
50,12,2021-01-04,1.0000,7524.0000,7524.0000,1,Service,"Joslyn Rani",NULL,"2021-03-01 12:52:26","2021-03-01 12:52:26",1,50,62,NULL,1,0.0000
51,12,2021-03-01,1.0000,412.0000,412.0000,1,Service,"X Nehru j","X Nehru j","2021-03-01 14:09:43","2021-03-01 14:09:54",1,51,NULL,NULL,1,0.0000
52,15,2021-03-10,1.0000,71.0000,71.0000,4,"Service Charges","X Nehru j",NULL,"2021-03-01 14:10:34","2021-03-01 14:10:34",1,52,NULL,NULL,1,0.0000
53,13,2021-03-08,1.0000,40.0000,40.0000,1,Service3,"X Nehru j",NULL,"2021-03-01 14:15:44","2021-03-01 14:15:44",1,53,NULL,NULL,1,0.0000
54,15,2021-03-01,1.0000,100.0000,100.0000,1,Expenses,"X Pooja Jashwitha","SX achin Tendulkar","2021-03-01 14:19:57","2021-03-02 05:32:57",1,54,NULL,NULL,1,0.0000
55,13,2021-03-02,1.0000,120.0000,120.0000,1,Service3,"Abdul kalam",NULL,"2021-03-02 07:51:56","2021-03-02 07:51:56",1,55,63,NULL,1,0.0000
56,12,2021-03-02,1.0000,1000.0000,1000.0000,1,Ashwini,"Abdul kalam","Abdul kalam","2021-03-02 08:00:40","2021-03-03 08:52:19",0,56,65,NULL,1,0.0000
57,13,2021-03-02,1.0000,500.0000,500.0000,7,Devi,"Abdul kalam","Abdul kalam","2021-03-02 08:00:40","2021-03-02 08:00:54",0,57,67,NULL,1,0.0000
58,15,2021-03-03,1.0000,1000.0000,1000.0000,1,Devi,"Abdul kalam","Abdul kalam","2021-03-02 08:03:20","2021-03-02 08:03:31",0,58,70,NULL,1,0.0000
59,14,2021-03-02,1.0000,7.0000,7.0000,3,Service1,"Abdul kalam",NULL,"2021-03-02 08:06:45","2021-03-02 08:06:45",1,59,73,NULL,1,0.0000
60,16,2021-03-02,1.0000,2.0000,2.0000,1,Service3,"X Viswanathan Anand","X Viswanathan Anand","2021-03-02 08:59:32","2021-03-02 11:41:57",1,60,74,NULL,1,0.0000
61,16,2021-03-01,1.0000,1000.0000,1000.0000,1,Ashwini,"X Viswanathan Anand","X Viswanathan Anand","2021-03-02 09:07:20","2021-03-02 09:07:26",0,61,27,NULL,1,0.0000
62,16,2021-03-02,1.0000,1100.0000,1100.0000,1,Service3,"Subash Chandrabose","X Viswanathan Anand","2021-03-02 11:46:16","2021-03-02 12:00:55",1,62,NULL,NULL,1,0.0000
63,12,2021-03-02,1.0000,500.0000,500.0000,7,Service3,"SX achin Tendulkar","SX achin Tendulkar","2021-03-02 13:25:13","2021-03-02 13:25:22",0,63,NULL,NULL,1,0.0000
64,16,2021-03-02,1.0000,100.0000,100.0000,1,Ashwini,"SX achin Tendulkar","SX achin Tendulkar","2021-03-02 13:29:37","2021-03-02 13:29:52",1,64,78,NULL,1,0.0000
65,13,2021-03-01,1.0000,522.0000,522.0000,3,Devi,"SX achin Tendulkar","SX achin Tendulkar","2021-03-02 13:29:38","2021-03-02 13:29:44",0,65,NULL,NULL,1,0.0000
66,12,2021-03-02,1.0000,11795.0000,11795.0000,1,Service2,"X Pooja Jashwitha","X Pooja Jashwitha","2021-03-02 14:16:30","2021-03-02 14:16:38",1,66,NULL,NULL,1,0.0000
67,12,2021-03-02,1.0000,500.0000,500.0000,1,Service4,"X Pooja Jashwitha","X Pooja Jashwitha","2021-03-02 14:34:30","2021-03-03 05:52:48",1,67,81,NULL,1,0.0000
68,15,2021-04-08,1.0000,5000.0000,5000.0000,3,Test,"X Sathesh Kumar","X Sathesh Kumar","2021-04-08 11:02:22","2021-04-08 11:15:14",0,68,NULL,NULL,1,0.0000
69,14,2021-04-08,1.0000,50000.0000,50000.0000,3,"Test 3214","X Sathesh Kumar","X Sathesh Kumar","2021-04-08 11:11:38","2021-04-08 11:15:29",0,69,98,NULL,1,0.0000
70,15,2021-04-09,1.0000,333.0000,333.0000,7,test,"X Sathesh Kumar","X Sathesh Kumar","2021-04-09 06:08:26","2021-04-09 06:40:57",1,70,100,NULL,1,0.0000
71,16,2021-05-26,1.0000,66.0000,66.0000,7,Expense,"X Mary Robinson","X Mary Robinson","2021-05-26 09:51:35","2021-05-26 09:58:18",0,71,103,NULL,1,0.0000
72,16,2021-05-26,1.0000,1.0000,1.0000,7,Expense,"X Mary Robinson","X Mary Robinson","2021-05-26 11:11:20","2021-05-26 11:13:34",0,72,NULL,NULL,1,0.0000
73,16,2021-05-26,1.0000,1.0000,1.0000,7,Expense,"X Mary Robinson","X Mary Robinson","2021-05-26 11:47:07","2021-05-27 09:32:24",1,73,108,NULL,1,0.0000
74,13,2021-06-11,1.0000,10000.0000,10000.0000,3,Monitor,"Pooja Venkat","Pooja Venkat","2021-06-11 10:02:23","2021-06-11 10:03:17",0,74,109,NULL,1,0.0000
75,14,2021-06-11,1.0000,10000.0000,10000.0000,1,"Monitor expense","Pooja Venkat","Pooja Venkat","2021-06-11 10:07:51","2021-06-15 08:33:21",1,75,110,NULL,1,0.0000
76,16,2021-06-15,1.0000,5000.0000,5000.0000,1,"New Laptop Adaopter","Pooja Venkat","Pooja Venkat","2021-06-15 08:35:37","2021-06-15 08:35:49",1,76,111,NULL,1,0.0000
77,16,2021-06-15,1.0000,5000.0000,5000.0000,1,"New Laptop Adaopter","Pooja Venkat",NULL,"2021-06-15 15:05:46","2021-06-15 15:05:46",1,77,112,NULL,1,0.0000
78,17,2021-06-15,1.0000,20000.0000,20000.0000,7,Monitor,"X Viswanathan Anand",NULL,"2021-06-15 15:11:33","2021-06-15 15:11:33",1,78,NULL,NULL,1,0.0000
79,17,2021-06-30,1.0000,1200.0000,1200.0000,1,Testing,"Satheesh Kumar",NULL,"2021-06-30 05:35:18","2021-06-30 05:35:18",1,79,113,NULL,1,0.0000
80,16,2021-07-06,1.0000,10000.0000,10000.0000,1,"Onsite Expense","Pooja Venkat","X Viswanathan Anand","2021-07-06 06:25:16","2021-07-06 06:37:09",1,80,114,NULL,1,0.0000
81,16,2021-07-06,1.0000,5000.0000,5000.0000,1,Food,"Pooja Venkat","X Viswanathan Anand","2021-07-06 06:41:32","2021-07-06 06:42:15",1,81,NULL,NULL,1,0.0000
82,16,2021-07-06,1.0000,16000.0000,16000.0000,1,Travel,"Pooja Venkat","Pooja Venkat","2021-07-06 06:48:02","2021-07-06 06:48:18",1,82,NULL,NULL,1,0.0000
83,12,2021-07-06,1.0000,16000.0000,16000.0000,1,"Travel to UK","Pooja Venkat",NULL,"2021-07-06 06:49:51","2021-07-06 06:49:51",1,83,NULL,NULL,1,0.0000
84,16,2021-08-14,1.0000,1200.0000,1200.0000,1,test,"X Abinash K","X Abinash K","2021-08-14 04:14:53","2021-08-14 04:15:26",1,84,NULL,NULL,1,0.0000
85,16,2021-08-14,1.0000,1200.0000,1200.0000,1,test,"X Abinash K","X Abinash K","2021-08-14 04:16:28","2021-08-14 04:17:57",1,85,NULL,NULL,1,0.0000
86,16,2021-08-15,1.0000,1200.0000,1200.0000,1,test,"X Abinash K","X Abinash K","2021-08-15 00:28:28","2021-08-15 00:36:59",1,86,NULL,NULL,1,0.0000
87,16,2021-08-15,1.0000,1200.0000,1200.0000,1,test,"X Abinash K",NULL,"2021-08-15 01:12:15","2021-08-15 01:12:15",1,87,NULL,NULL,1,0.0000
88,21,2021-08-19,1.0000,240.0000,240.0000,1,"RO Drinking Water","X Katie Selvaraj","X Katie Selvaraj","2021-08-19 09:40:26","2021-08-19 12:59:54",1,88,115,NULL,1,0.0000
89,19,2021-08-19,1.0000,50.0000,50.0000,1,Snacks,"x vivek Muthu","x vivek Muthu","2021-08-19 11:07:33","2021-08-19 11:08:35",0,89,117,NULL,1,0.0000
90,14,2021-09-11,1.0000,2000.0000,2000.0000,10,computer,"Elizabeth Diana","Abdul kalam","2021-09-11 09:45:01","2021-09-15 12:03:32",1,90,120,NULL,1,0.0000
91,14,2021-09-07,1.0000,2000.0000,2000.0000,1,monitor,"X Kaushal Karthi","John williams","2021-09-15 05:37:37","2021-09-17 11:05:34",1,91,130,NULL,1,0.0000
92,13,2021-09-07,1.0000,500.0000,500.0000,1,mouse,"X Kaushal Karthi","Abdul kalam","2021-09-15 05:37:37","2021-09-15 12:04:22",1,92,NULL,NULL,1,0.0000
93,13,2021-09-08,1.0000,1500.0000,1500.0000,9,charger,"Abdul kalam","Abdul kalam","2021-09-15 08:44:26","2021-09-15 12:01:34",1,93,NULL,NULL,1,0.0000
94,13,2021-09-15,1.0000,2500.0000,2500.0000,9,charger,"Elizabeth Diana","X Kaushal Karthi","2021-09-15 10:29:46","2021-09-16 07:00:44",1,94,127,NULL,1,0.0000
95,21,2021-09-25,1.0000,15000.0000,15000.0000,1,"goa trip","X Kaushal Karthi","Abdul kalam","2021-09-15 11:23:07","2021-09-15 12:02:34",1,95,125,NULL,1,0.0000
96,21,2021-09-11,1.0000,8600.0000,8600.0000,1,"ooty trip","Elizabeth Diana","Abdul kalam","2021-09-15 11:26:11","2021-09-15 12:05:05",1,96,124,NULL,1,0.0000
97,15,2021-09-16,1.0000,2000.0000,2000.0000,3,monitor,"x JamesJac williams","John williams","2021-09-16 10:50:09","2021-09-17 11:02:16",1,97,128,NULL,1,0.0000
98,21,2021-09-18,1.0000,20000.0000,20000.0000,1,"team out","x JamesJac williams","John williams","2021-09-16 11:00:04","2021-09-17 11:02:00",1,98,NULL,NULL,1,0.0000
99,21,2021-09-18,1.0000,20000.0000,20000.0000,3,outing,"John williams",NULL,"2021-09-17 11:07:21","2021-09-17 11:07:21",1,99,131,NULL,1,0.0000
100,13,2021-09-20,1.0000,2500.0000,2500.0000,8,UPS,"Sai Ram","X Anne Lily","2021-09-20 10:16:22","2021-09-21 05:48:25",1,100,132,NULL,1,0.0000
101,13,2021-09-20,1.0000,2500.0000,2500.0000,3,charger,"Alfred Leo","x JamesJac williams","2021-09-20 12:07:51","2021-12-05 08:07:08",1,101,NULL,NULL,1,0.0000
102,21,2021-09-25,1.0000,8600.0000,8600.0000,3,koonor,"Alfred Leo","x JamesJac williams","2021-09-20 12:20:11","2021-10-29 13:15:52",1,102,133,NULL,1,0.0000
103,13,2021-09-20,1.0000,2500.0000,2500.0000,3,charger,"X Anne Lily","Alfred Leo","2021-09-21 06:51:23","2021-09-21 11:38:04",1,103,134,NULL,1,0.0000
104,13,2021-09-21,1.0000,1500.0000,1500.0000,3,mouse,"Alfred Leo","x JamesJac williams","2021-09-21 11:40:19","2021-10-29 13:15:40",1,104,NULL,NULL,1,0.0000
105,15,2021-10-01,1.0000,2500.0000,2500.0000,3,charger,"x JamesJac williams","x JamesJac williams","2021-10-01 08:24:19","2021-12-05 08:18:38",1,105,135,NULL,1,0.0000
106,13,2021-10-15,1.0000,1500.0000,1500.0000,10,charger,"X Kaushal Karthi","X Kaushal Karthi","2021-10-15 08:57:00","2021-10-18 11:25:39",1,106,NULL,NULL,1,0.0000
107,15,2021-10-15,1.0000,2500.0000,2500.0000,3,monitor,"John williams",NULL,"2021-10-15 09:11:18","2021-10-15 09:11:18",1,107,NULL,NULL,1,0.0000
108,13,2021-10-15,2.0000,1000.0000,1000.0000,3,keyboard,"x JamesJac williams","X Kaushal Karthi","2021-10-15 11:31:27","2021-11-08 12:13:20",1,108,NULL,NULL,1,0.0000
109,13,2021-10-15,1.0000,500.0000,500.0000,3,accessories,"x JamesJac williams","X Kaushal Karthi","2021-10-15 11:41:37","2021-10-18 14:35:41",1,109,136,NULL,1,0.0000
110,13,2021-10-19,1.0000,500.0000,500.0000,3,mouse,"X Kaushal Karthi","X Kaushal Karthi","2021-10-18 14:32:12","2021-10-18 14:33:07",1,110,139,NULL,1,0.0000
111,13,2021-10-19,1.0000,2500.0000,2500.0000,3,gadgets,"X Kaushal Karthi",NULL,"2021-10-19 11:34:02","2021-10-19 11:34:02",1,111,140,NULL,1,0.0000
112,14,2021-10-27,1.0000,500.0000,500.0000,10,monitor,"Sai Ram","X Anne Lily","2021-10-27 11:02:14","2021-10-28 13:34:15",1,112,NULL,NULL,1,0.0000
113,14,2021-10-27,1.0000,500.0000,500.0000,10,monitor,"Sai Ram","Lynda Rose","2021-10-27 11:58:49","2021-10-28 15:25:12",1,113,NULL,NULL,1,0.0000
114,13,2021-10-27,1.0000,100.0000,100.0000,10,"usb cable","Sai Ram","Lynda Rose","2021-10-27 11:58:49","2021-10-28 15:24:30",1,114,NULL,NULL,1,0.0000
115,23,2021-10-27,1.0000,500.0000,500.0000,10,gadgets,"Sai Ram","Lynda Rose","2021-10-27 12:00:05","2021-10-28 15:56:15",1,115,NULL,NULL,1,0.0000
116,13,2021-10-27,1.0000,500.0000,500.0000,10,mouse,"Sai Ram","X Anne Lily","2021-10-27 12:00:05","2021-10-28 13:30:05",1,116,NULL,NULL,1,0.0000
117,13,2021-10-28,8.0000,24000.0000,24000.0000,3,monitor,"X Anne Lily","Lynda Rose","2021-10-28 12:57:20","2021-11-01 05:54:58",1,117,142,NULL,1,0.0000
118,13,2021-10-28,1.0000,1000.0000,1000.0000,3,monitor,"X Anne Lily","Alfred Leo","2021-10-28 13:07:31","2021-10-29 11:15:54",1,118,NULL,NULL,1,0.0000
119,23,2021-10-28,3.0000,1500.0000,1500.0000,3,mouse,"X Anne Lily","Alfred Leo","2021-10-28 13:07:32","2021-10-29 11:07:06",1,119,NULL,NULL,1,0.0000
120,13,2021-10-28,2.0000,400.0000,400.0000,3,usb,"X Anne Lily","Alfred Leo","2021-10-28 13:07:32","2021-10-29 11:14:30",1,120,NULL,NULL,1,0.0000
121,23,2021-10-28,2.0000,4000.0000,4000.0000,3,headset,"X Anne Lily","Alfred Leo","2021-10-28 13:07:32","2021-10-29 11:14:46",1,121,NULL,NULL,1,0.0000
122,13,2021-10-28,3.0000,7500.0000,7500.0000,3,charger,"X Anne Lily","Alfred Leo","2021-10-28 13:07:32","2021-10-29 11:15:22",1,122,NULL,NULL,1,0.0000
123,13,2021-10-28,2.0000,3000.0000,3000.0000,3,keyboard,"X Anne Lily","Alfred Leo","2021-10-28 13:07:32","2021-10-29 11:15:36",1,123,NULL,NULL,1,0.0000
124,13,2021-10-28,2.0000,4666.0000,4666.0000,3,monitor,"Lynda Rose",NULL,"2021-10-28 14:02:11","2021-10-28 14:02:11",1,124,NULL,NULL,1,0.0000
125,23,2021-10-29,1.0000,500.0000,500.0000,3,gadgets,"Alfred Leo","x JamesJac williams","2021-10-29 11:13:44","2021-10-29 13:13:51",1,125,NULL,NULL,1,0.0000
126,13,2021-10-29,1.0000,100.0000,100.0000,10,"usb cable","Alfred Leo","Lynda Rose","2021-10-29 11:13:44","2021-11-30 15:39:22",1,126,NULL,NULL,1,0.0000
127,17,2021-10-29,1.0000,35000.0000,35000.0000,3,Laptop,"x JamesJac williams","X Kaushal Karthi","2021-10-29 13:55:10","2021-11-08 12:13:07",1,127,NULL,NULL,1,0.0000
128,17,2021-11-01,1.0000,6000.0000,6000.0000,3,Laptop,"Abdul kalam","Lynda Rose","2021-11-01 05:36:45","2021-11-01 05:47:47",1,128,NULL,NULL,1,0.0000
129,13,2021-11-01,1.0000,2000.0000,2000.0000,3,monitor,"X Anne Lily","Lynda Rose","2021-11-01 06:00:51","2021-11-01 06:06:06",1,129,NULL,NULL,1,0.0000
130,13,2021-11-01,2.0000,1600.0000,1600.0000,3,keyboard,"X Anne Lily","Alfred Leo","2021-11-01 06:11:20","2021-11-09 11:45:44",1,130,NULL,NULL,1,0.0000
131,13,2021-11-01,3.0000,1500.0000,1500.0000,3,mouse,"X Anne Lily","Alfred Leo","2021-11-01 06:11:20","2021-11-09 11:45:25",1,131,NULL,NULL,1,0.0000
132,13,2021-11-01,2.0000,400.0000,400.0000,3,usb,"X Anne Lily","Alfred Leo","2021-11-01 06:11:21","2021-11-09 11:46:18",1,132,NULL,NULL,1,0.0000
133,23,2021-11-01,1.0000,500.0000,500.0000,3,gadgets,"Abdul kalam","Lynda Rose","2021-11-01 06:13:38","2021-11-01 06:14:13",1,133,NULL,NULL,1,0.0000
134,13,2022-04-04,1.0000,0.0000,0.0000,3,keyboard,"X Anne Lily","Alfred Leo","2021-11-01 06:22:01","2021-11-09 11:46:00",1,134,NULL,NULL,1,0.0000
135,15,2027-08-17,1.0000,-3000.0000,-3000.0000,8,gadgets,"Lynda Rose",NULL,"2021-11-01 08:26:50","2021-11-01 08:26:50",1,135,NULL,NULL,1,0.0000
136,13,2031-12-31,1.0000,2250.0000,2250.0000,2,monitor,"Lynda Rose","John williams","2021-11-01 08:27:43","2021-11-01 13:01:17",1,136,NULL,NULL,1,0.0000
137,22,2021-11-08,250.0000,500000.0000,500000.0000,10,monitor,"X Kaushal Karthi","Lynda Rose","2021-11-08 11:59:03","2021-11-08 12:30:33",1,137,NULL,NULL,1,0.0000
138,23,2021-11-15,1.0000,500.0000,500.0000,10,gadgets,"X Kaushal Karthi","Lynda Rose","2021-11-08 12:01:12","2021-11-08 12:29:05",1,138,NULL,NULL,1,0.0000
139,13,2021-11-09,5.0000,4495.0000,4495.0000,3,keybord,"Lynda Rose","Lynda Rose","2021-11-08 12:33:45","2021-11-08 12:35:11",1,139,NULL,NULL,1,0.0000
140,23,2021-11-08,2.0000,1266.0000,1266.0000,3,mouse,"Lynda Rose","Lynda Rose","2021-11-08 12:33:45","2021-11-08 12:35:00",1,140,NULL,NULL,1,0.0000
141,23,2021-11-10,1.0000,500.0000,500.0000,3," monitor","Abdul kalam","Lynda Rose","2021-11-10 07:54:01","2021-11-10 08:13:43",1,141,NULL,NULL,1,0.0000
142,13,2021-11-10,1.0000,500.0000,500.0000,4,keyboard,"X Anne Lily",NULL,"2021-11-10 08:18:39","2021-11-10 08:18:39",1,142,NULL,NULL,1,0.0000
143,23,2021-12-06,1.0000,500.0000,500.0000,9,gadgets,"x JamesJac williams",NULL,"2021-11-27 13:14:20","2021-11-27 13:14:20",1,143,NULL,NULL,1,0.0000
144,14,2021-12-04,5.0000,12500.0000,12500.0000,10,"laptop accessories","Lynda Rose","John williams","2021-12-04 14:25:25","2021-12-05 08:36:08",1,144,143,NULL,1,0.0000
145,23,2021-12-10,1.0000,500.0000,500.0000,10,gadgets,"Lynda Rose","John williams","2021-12-05 06:23:44","2021-12-05 08:36:23",1,145,144,NULL,1,0.0000
146,15,2021-12-09,1.0000,566.0000,566.0000,3,monitor,"Lynda Rose","John williams","2021-12-05 06:26:27","2021-12-05 09:16:32",1,146,NULL,NULL,1,0.0000
147,13,2021-12-13,2.0000,1000.0000,1000.0000,4,keyboard,"Lynda Rose","John williams","2021-12-05 06:43:41","2021-12-05 09:16:10",1,147,NULL,NULL,1,0.0000
148,13,2031-08-21,1.0000,1500.0000,1500.0000,10,charger,"Lynda Rose","John williams","2021-12-05 07:03:25","2021-12-05 09:15:51",1,148,NULL,NULL,1,0.0000
149,23,2021-12-22,1.0000,500.0000,500.0000,3,gadgets,"Lynda Rose","John williams","2021-12-05 07:20:36","2021-12-05 09:14:41",1,149,NULL,NULL,1,0.0000
150,15,2021-12-16,1.0000,6333.0000,6333.0000,11,monitor,"Lynda Rose","John williams","2021-12-05 07:22:52","2021-12-05 08:47:02",1,150,NULL,NULL,1,0.0000
151,23,2021-12-14,8.0000,6400.0000,6400.0000,10,keyboard,"x JamesJac williams",NULL,"2021-12-05 07:26:38","2021-12-05 07:26:38",1,151,NULL,NULL,1,0.0000
152,13,2021-12-30,1.0000,500.0000,500.0000,10,"usb cable","x JamesJac williams",NULL,"2021-12-05 08:01:48","2021-12-05 08:01:48",1,152,NULL,NULL,1,0.0000
153,13,2021-12-31,1.0000,500.0000,500.0000,10,"wifi processor","x JamesJac williams",NULL,"2021-12-05 08:20:04","2021-12-05 08:20:04",1,153,145,NULL,1,0.0000
154,23,2021-12-31,1.0000,500.0000,500.0000,10,gadgets,"X Anne Lily",NULL,"2021-12-05 08:25:35","2021-12-05 08:25:35",1,154,NULL,NULL,1,0.0000
155,15,2021-12-24,1.0000,2500.0000,2500.0000,10,monitor,"X Anne Lily",NULL,"2021-12-05 08:26:28","2021-12-05 08:26:28",1,155,NULL,NULL,1,0.0000
156,21,2021-12-25,35.0000,87500.0000,87500.0000,10,"staff welfare","John williams",NULL,"2021-12-05 08:42:34","2021-12-05 08:42:34",1,156,NULL,NULL,1,0.0000
157,20,2021-12-09,1.0000,2500.0000,2500.0000,10,"medical insurance","John williams",NULL,"2021-12-05 08:44:03","2021-12-05 08:44:03",1,157,NULL,NULL,1,0.0000
158,15,2021-12-10,1.0000,2500.0000,2500.0000,10,monitor,"Sai Ram",NULL,"2021-12-05 09:49:05","2021-12-05 09:49:05",1,158,NULL,NULL,1,0.0000
159,13,2022-01-08,2.0000,2000.0000,2000.0000,11,monitor,"X Kaushal Karthi",NULL,"2021-12-05 11:48:22","2021-12-05 11:48:22",1,159,NULL,NULL,1,0.0000
160,13,2021-12-23,1.0000,500.0000,500.0000,11,keyboard,"X Kaushal Karthi",NULL,"2021-12-05 12:11:38","2021-12-05 12:11:38",1,160,NULL,NULL,1,0.0000
161,13,2021-12-29,8.0000,800.0000,800.0000,11,"usb cable","X Kaushal Karthi",NULL,"2021-12-05 12:13:48","2021-12-05 12:13:48",1,161,NULL,NULL,1,0.0000
162,13,2021-12-23,1.0000,500.0000,500.0000,11,Fishbowl,"x JamesJac williams",NULL,"2021-12-05 12:21:06","2021-12-05 12:21:06",1,162,NULL,NULL,1,0.0000
163,13,2021-12-23,1.0000,500.0000,500.0000,11,Fishbowl,"x JamesJac williams",NULL,"2021-12-05 13:05:02","2021-12-05 13:05:02",1,163,NULL,NULL,1,0.0000
164,12,2022-01-05,1.0000,1000.0000,1000.0000,11,"JM Expense for Japan Trip","x JamesJac williams",NULL,"2021-12-05 13:30:56","2021-12-05 13:30:56",1,164,NULL,NULL,1,0.0000
165,12,2021-12-29,1.0000,1000.0000,1000.0000,11,"Judit Exp. for Monitor","x JamesJac williams",NULL,"2021-12-05 15:05:00","2021-12-05 15:05:00",1,165,NULL,NULL,1,0.0000
166,22,2021-12-08,2.0000,800.0000,800.0000,11,"Judit Exp. For External Mouse","x JamesJac williams",NULL,"2021-12-05 15:05:00","2021-12-05 15:05:00",1,166,NULL,NULL,1,0.0000
167,20,2021-12-20,1.0000,2500.0000,2500.0000,9,"medical insurance","x JamesJac williams","X Kaushal Karthi","2021-12-05 15:06:32","2022-01-31 17:44:20",1,167,NULL,NULL,1,0.0000
168,13,2021-12-31,1.0000,100.0000,100.0000,10,"usb cable","x JamesJac williams","X Kaushal Karthi","2021-12-05 15:06:32","2022-01-31 17:45:06",1,168,NULL,NULL,1,0.0000
169,23,2021-12-21,35.0000,17500.0000,17500.0000,10,gadgets,"John williams",NULL,"2021-12-06 07:03:43","2021-12-06 07:03:43",1,169,146,NULL,1,0.0000
170,25,2021-12-16,5.0000,427775.0000,427775.0000,3,monitor,"Sai Ram",NULL,"2021-12-06 11:16:49","2021-12-06 11:16:49",1,170,NULL,NULL,1,0.0000
171,13,2021-12-21,2.0000,732.0000,732.0000,9,mouse,"Sai Ram",NULL,"2021-12-06 11:16:49","2021-12-06 11:16:49",1,171,147,NULL,1,0.0000
172,13,2021-12-13,2.0000,51000.0000,51000.0000,10,monitor,"Abdul kalam",NULL,"2021-12-06 13:03:30","2021-12-06 13:03:30",1,172,NULL,NULL,1,0.0000
173,15,2021-12-07,1.0000,500.0000,500.0000,10,gadgets,"Lynda Rose",NULL,"2021-12-06 13:41:20","2021-12-06 13:41:20",1,173,148,NULL,1,0.0000
174,14,2021-12-13,1.0000,2500.0000,2500.0000,3,monitor,"X Anne Lily",NULL,"2021-12-13 13:27:16","2021-12-13 13:27:16",1,174,NULL,NULL,1,0.0000
175,22,2021-12-20,2.0000,4000.0000,4000.0000,9,monitor,"X Anne Lily","Alfred Leo","2021-12-13 13:54:24","2021-12-13 13:59:48",1,175,NULL,NULL,1,0.0000
176,23,2021-12-14,3.0000,4500.0000,4500.0000,4,mouse,"X Anne Lily","Alfred Leo","2021-12-13 13:54:24","2021-12-13 14:07:50",1,176,149,NULL,1,0.0000
177,23,2021-12-21,6.0000,1530.0000,1530.0000,11,usb,"X Anne Lily","Alfred Leo","2021-12-13 13:54:25","2021-12-13 13:57:27",1,177,NULL,NULL,1,0.0000
178,20,2021-12-13,35.0000,17500.0000,17500.0000,9,"medical insurance","Lynda Rose",NULL,"2021-12-13 14:44:45","2021-12-13 14:44:45",1,178,NULL,NULL,1,0.0000
179,23,2021-12-28,3.0000,1500.0000,1500.0000,11,mouse,"Lynda Rose",NULL,"2021-12-13 14:44:45","2021-12-13 14:44:45",1,179,NULL,NULL,1,0.0000
180,21,2021-12-25,23.0000,13018.0000,13018.0000,3,DECORATIONS,"Sai Ram",NULL,"2021-12-14 08:20:05","2021-12-14 08:20:05",1,180,NULL,NULL,1,0.0000
181,21,2021-12-24,50.0000,125000.0000,125000.0000,3,TRIP,"Sai Ram",NULL,"2021-12-14 08:20:06","2021-12-14 08:20:06",1,181,NULL,NULL,1,0.0000
182,22,2021-12-21,1.0000,500.0000,500.0000,3,monitor,"x JamesJac williams","Lynda Rose","2021-12-21 07:39:13","2022-01-12 16:49:34",1,182,NULL,NULL,1,0.0000
183,15,2021-12-21,2.0000,6000.0000,6000.0000,10,keyboard,"x JamesJac williams","Lynda Rose","2021-12-21 07:40:04","2022-01-31 17:50:24",1,183,NULL,NULL,1,0.0000
184,23,2022-01-12,2.0000,1000.0000,1000.0000,9,gadgets,"Subash Chandrabose",NULL,"2022-01-12 07:08:39","2022-01-12 07:08:39",1,184,NULL,NULL,1,0.0000
185,21,2022-01-12,25.0000,62500.0000,62500.0000,10,"staff welfare","x JamesJac williams","X Kaushal Karthi","2022-01-12 08:49:12","2022-01-12 13:01:26",1,185,NULL,NULL,1,0.0000
186,16,2022-01-24,5.0000,42845.0000,42845.0000,9,-------,"John williams",NULL,"2022-01-17 15:21:32","2022-01-17 15:21:32",1,186,NULL,NULL,1,0.0000
187,16,2022-01-31,56.0000,473312.0000,473312.0000,9,--------,"John williams",NULL,"2022-01-17 15:21:32","2022-01-17 15:21:32",1,187,NULL,NULL,1,0.0000
